Tasting Note,Coffee
"Strawberry, rose, raspberry",https://onacoffee.com.au/products/ona-greatest-hits-rose-and-strawberry
"Floral, apple, citrus",https://onacoffee.com.au/products/filter-option-2-m2
"Wine, chocolate, berries",https://onacoffee.com.au/products/filter-option-3-m2
"Floral, stone fruit,citrus",https://onacoffee.com.au/products/filter-option-4-m2
"Citrus, tropical, berries",https://onacoffee.com.au/products/filter-option-1-m2
"Citrus, chocolate, nutty",https://onacoffee.com.au/products/milk-option-1-m2
"Violets, blueberry, dark chocolate",https://onacoffee.com.au/products/ona-greatest-hits-violets-and-blueberry
"Sweet berries, creamy white chocolate",https://onacoffee.com.au/products/raspberry-candy
"Chocolate truffle, mixed berries",https://onacoffee.com.au/products/gateway
"Chocolate, hazelnut, malt",https://onacoffee.com.au/products/aspen
"Boozy, Tropical Fruits, Pinapple, Green Apple, Dark Chocolate",https://leiblecoffee.com.au/products/burundi-kibingo-cima-yeast-fermentaion-anaerobic-natural-process
"Orange, Caramel, Raw Sugar, Syrupy and Clean Texture",https://leiblecoffee.com.au/products/la-mandarina-peru-washed-process-200g
"Cinamon, Warm-Spices, Molasses, Syrupy Body",https://leiblecoffee.com.au/products/cordillera-de-fuego-costa-rica-anaerobic-natural-process-200g
"Roasted almond, Grain syrup, Rounded body",https://leiblecoffee.com.au/products/el-salvador-ciudad-barrios-cooperative-washed-process
"Caramel, biscuits, nuts, spices",https://onacoffee.com.au/products/maple
"Chocolate, caramel, citrus peel",https://onacoffee.com.au/products/unwind
"Citrus, stone fruit, caramel",https://onacoffee.com.au/products/espresso-option-1-m2
"Stone fruit, floral, green tea",https://onacoffee.com.au/products/espresso-option-2-m2
"Citrus, apple, caramel",https://onacoffee.com.au/products/espresso-option-3-m2
"Toffee, caramel and red apple",https://onacoffee.com.au/products/ona-greatest-hits-toffee-apple
"Sweet, Caramel",https://sevenseeds.com.au/collections/coffee/products/seven-seeds-espresso-blend
"Big, Bold, Chocolate",https://sevenseeds.com.au/collections/coffee/products/golden-gate-blend
"Juicy, Easy-Drinking, Fruit Salad, Peach, Blackcurrant",https://sevenseeds.com.au/collections/coffee/products/f-bomb-filter-blend
"Tasy, Sweet with notes of Butterscotch, Apple Pie, Honeycomb",https://sevenseeds.com.au/collections/coffee/products/la-serrania-decaf-colombia
"Juicy, Drunken Cherries, Sugarcane, Raspberry Cola",https://sevenseeds.com.au/collections/coffee/products/los-aguacatones-guatemala
"Complex, Crisp with notes of Wild Blackberry, Rhubarb, Apple",https://sevenseeds.com.au/collections/coffee/products/mukunga-estate-kenya
"Punchy, Sweet with notes of Mango, Apple Pie, Honeycomb",https://sevenseeds.com.au/collections/coffee/products/mustefa-abalulessa-ethiopia-2023
"Crowd-Pleasing, Tropical with notes of Canned Peaches, Purple Grapes, Passionfruit",https://sevenseeds.com.au/collections/coffee/products/la-esperanza-special-guatemala
"Sparkly and Sublime with notes of Apricot, Aranciata, Black Cherry",https://sevenseeds.com.au/collections/coffee/products/kefyalew-deressa-tulu-ethiopia
"Soft, Silky with notes of Red Grape, Tangerine, Elderflower Cordial",https://sevenseeds.com.au/collections/coffee/products/ouro-verde-collection-8-brazil
"Sticky, Sweet with notes of Dates, Honey, Cookies, Cream",https://sevenseeds.com.au/collections/coffee/products/ouro-verde-collection-6-brazil
"Zesty, Golden Kiwi, Grapefruit, Brown Sugar",https://sevenseeds.com.au/collections/coffee/products/waturi-estate-kenya
"Refreshing, Raspberry, Lemonade, Mango Sorbet",https://sevenseeds.com.au/collections/coffee/products/ndiwa-estate-ab-kenya-2023
"Stones Fruits, Dried Fruits, Florals, Honey, Spices",https://threecoffee.com/collections/filter/products/panama-carmen-estate-washed-geisha
"Florals, Chocolates and Deep, Purple Fruits",https://threecoffee.com/collections/filter/products/panama-finca-momoto-geisha-natural
"Florals, Chocolates and Deep, Purple Fruits",https://threecoffee.com/collections/filter/products/yemen-somara-village-anaerobic-natural
"Stones Fruits, Dried Fruits, Florals, Honey and Spices",https://threecoffee.com/collections/filter/products/costa-rica-hacienda-bolivar-sl28-washed
"Stones Fruits, Dried Fruits, Florals, Honey and Spices",https://threecoffee.com/collections/filter/products/colombia-inmaculada-signature-geisha
"Toffee, Tropical Fruit.",https://camposcoffee.com/product/blade-runner-blend/
"Brown Sugar, Nashi Pear, Granola",https://camposcoffee.com/product/nicaragua-carlos-lopez-1/
"Persimmon, Apricot",https://camposcoffee.com/product/colombia-linarco-ospina/
"lychee jelly, Cherry Blossom, Kiwi",https://camposcoffee.com/product/costa-rica-altamira/
"Black Currant, Apricot, Honey",https://camposcoffee.com/product/kenya-rungeto-kii-filter/